USERNAME,LAST_REFRESH_DATE
william4192,2021-10-06T05:53:01Z
bryce0lynch,2021-10-06T06:35:45Z
sdonohue,2021-10-01T04:10:22Z
Brakus,2021-10-04T00:57:08Z
kathuna,2021-10-06T06:37:51Z
Chris%20Baylis,2021-10-02T03:33:13Z
tadzi,2021-10-02T03:39:40Z
Neil%20Thomson,2021-10-06T06:44:42Z
The%20Innocent,2021-10-06T06:44:06Z
Poins,2021-10-06T06:58:46Z
tiagoVIP,2021-10-06T06:59:09Z
EndersGame,2021-10-06T07:00:32Z
MillicanDarque,2021-10-06T07:01:01Z
fathergeek,2021-10-02T03:50:28Z
gschloesser,2021-10-02T03:51:09Z
TheBoardGameFamily,2021-10-06T07:03:32Z
TemplarGaming,2021-10-02T03:52:02Z
ctimmins,2021-10-06T07:04:08Z
Red%20Wine%20Pie,2021-10-06T07:04:48Z
familygamersaa,2021-10-02T03:53:40Z
MyParadox,2021-10-06T07:05:32Z
MRplayerRP,2021-10-06T07:05:53Z
sa266,2021-10-06T07:06:18Z
Biotech66,2021-10-02T03:56:15Z
Talisinbear,2021-10-02T04:18:07Z
dimarco70,2021-10-06T07:07:29Z
Meeple_Pusher,2021-10-02T04:48:00Z
benHaskett,2021-10-02T04:56:04Z
jodokast,2021-10-13T23:10:54Z
da%20pyrate,2021-10-13T23:11:20Z
aldaryn,2021-10-13T23:13:05Z
Dt92stang,2021-10-13T23:13:28Z
Dt92stang,2021-10-13T23:13:28Z
Olafslomp,2021-10-13T23:14:11Z
M1Tanker,2021-10-13T23:14:56Z
Spieltroll,2021-10-13T23:16:29Z
Goatcabin,2021-10-13T23:16:55Z
hairyarsenal,2021-10-13T23:17:18Z
Spielemitkinder,2021-10-13T23:17:44Z
Abruk,2021-10-13T23:17:58Z
Wjbrown3,2021-10-13T23:18:11Z
rvlieshout,2021-10-13T23:18:34Z
MerricB,2021-10-13T23:19:10Z
Bankler,2021-10-13T23:19:37Z
RedMonkeyBoy,2021-10-13T23:20:27Z
VincentDarlage,2021-10-13T23:21:22Z
wargamer55,2021-10-13T23:21:53Z
farmergiles,2021-10-13T23:22:48Z
edige23,2021-10-13T23:23:20Z
z10n%20x,2021-10-13T23:23:38Z
msaari,2021-10-13T23:24:11Z
musicalanarchy,2021-10-13T23:30:06Z
Barad_the_dwarf,2021-10-13T23:32:18Z
msoul01,2021-10-13T23:42:02Z
toucana,2021-10-13T23:42:42Z
stormseeker75,2021-10-13T23:47:52Z
TheRatHole,2021-10-13T23:50:14Z
Daramere,2021-10-13T23:51:20Z
charlest,2021-10-13T23:55:23Z
ronjake11,2021-10-13T23:56:09Z
Zimeon,2021-10-13T23:58:45Z
whac3,2021-10-13T23:59:05Z
Gnomekin,2021-10-13T23:59:25Z
gurpsgm,2021-10-09T03:22:11Z
dtwiley,2021-10-14T00:00:13Z
toerck,2021-10-14T00:00:35Z
radiofyr309,2021-10-14T00:01:01Z
OxfordRow,2021-10-14T00:02:09Z
Geosphere,2021-10-14T00:03:23Z
mi_de,2021-10-14T00:04:03Z
Hida%20Mann,2021-10-14T00:12:00Z
gittes,2021-10-14T00:12:25Z
toothpickman,2021-10-14T00:15:30Z
mil05006,2021-10-14T00:15:51Z
PBrennan,2021-10-14T00:16:35Z
milenaguberinic,2021-10-14T00:22:13Z
frumpish,2021-10-14T00:23:12Z
larryjrice,2021-10-14T00:22:48Z
leroy43,2021-10-14T01:32:42Z
sos1,2021-10-14T01:33:13Z
chriswray84,2021-10-14T01:33:35Z
Derang3d,2021-10-14T01:34:17Z
M013,2021-10-14T01:34:32Z
Squalidsafe,2021-10-14T01:34:52Z
JRAMtheBandit,2021-10-14T01:35:09Z
FuzzyLlamaReviews,2021-10-14T01:35:29Z
snoozefest,2021-10-14T01:36:10Z
sisteray,2021-10-14T01:44:37Z
jgoyes,2021-10-14T01:47:31Z
jtakagi,2021-10-14T01:53:57Z
dougadamsau,2021-10-14T01:55:42Z
rseater,2021-10-14T01:57:42Z
Walt%20Mulder,2021-10-14T02:11:50Z
punkin312,2021-10-14T02:14:58Z
cfarrell,2021-10-14T02:35:38Z
chaddyboy_2000,2021-10-14T02:37:59Z
Lawrence%20Hung,2021-10-14T02:39:14Z
fizzle,2021-10-14T02:40:32Z
kystas,2021-10-14T02:41:26Z
newkillerstar27,2021-10-20T04:15:46Z
Andy%20Parsons,2021-10-20T04:30:45Z
cbazler,2021-10-20T04:40:14Z
Nap16,2021-10-20T04:48:34Z
JoSch,2021-10-20T05:05:43Z
wkover,2021-10-20T05:07:55Z
oskari,2021-10-20T05:10:25Z
cymric,2021-10-20T05:22:13Z
Scholle,2021-10-20T05:25:53Z
joewyka,2021-10-20T05:26:54Z
PAYDIRT,2021-10-20T05:31:54Z
quietcorn,2021-10-20T21:42:48Z
Terry%20Egan,2021-10-20T21:44:31Z
Starsunsky,2021-10-20T21:52:02Z
soccastar001,2021-10-20T21:59:24Z
zefquaavius,2021-10-20T22:03:35Z
Pozman,2021-10-20T22:06:56Z
grasa_total,2021-10-20T22:14:33Z
visard,2021-10-20T22:16:10Z
sweetsweetdoughnuts,2021-10-20T22:21:06Z
rayzg,2021-10-20T22:22:43Z
familywontplay,2021-10-20T22:25:17Z
bucklen_uk,2021-10-14T11:29:02Z
EYE%20of%20NiGHT,2021-10-20T22:45:33Z
Unitoch,2021-10-20T22:48:29Z
Phrim,2021-10-20T22:49:02Z
Glamorous%20Mucus,2021-10-18T00:46:12Z
darquil,2021-10-20T22:50:16Z
Michiel,2021-10-20T22:50:51Z
Surya,2021-10-20T22:52:02Z
Thunkd,2021-10-20T22:56:42Z
exparrot,2021-10-20T23:04:23Z
srand,2021-10-20T23:05:02Z
Cubsfan31,2021-10-20T23:05:37Z
HilkMAN,2021-10-20T23:06:16Z
tool,2021-10-20T23:08:01Z
Socal%20Tim,2021-10-20T23:09:30Z
RaffertyA,2021-10-20T23:10:14Z
Kaffedrake,2021-10-20T23:10:50Z
dancingdanslc,2021-10-20T23:11:52Z
ousgg,2021-10-20T23:13:16Z
jayjonbeach,2021-10-20T23:13:58Z
rajungamer,2021-10-20T23:14:29Z
Eric%20Brosius,2021-10-20T23:15:03Z
DroppEcho,2021-10-20T23:16:00Z
jcarvin,2021-10-20T23:17:09Z
Blott,2021-10-20T23:18:55Z
enzo622,2021-10-20T23:19:24Z
ChrB,2021-10-20T23:20:03Z
freechinanow,2021-10-20T23:21:10Z
brianeikunst,2021-10-20T23:21:46Z
juuzzom,2021-10-20T23:23:11Z
smilingra,2021-10-20T23:24:07Z
moramis,2021-10-20T23:24:55Z
CortexBomb,2021-10-20T23:25:41Z
M%20St,2021-10-20T23:26:15Z
cbrua,2021-10-20T23:26:50Z
Yokiboy,2021-10-20T23:27:44Z
SeanXor,2021-10-20T23:33:45Z
Kevin_Whitmore,2021-10-20T23:35:20Z
Eeeville,2021-10-20T23:36:19Z
thoia,2021-10-20T23:36:55Z
vladdswrath,2021-10-20T23:38:02Z
Luke%20the%20Flaming,2021-10-14T11:41:14Z
Wentu,2021-10-20T23:52:28Z
airjudden,2021-10-20T23:54:06Z
jax900,2021-10-20T23:56:51Z
GSReis,2021-10-20T23:57:44Z
rynelf,2021-10-21T00:04:58Z
Arnott,2021-10-21T00:06:01Z
pusboyau,2021-10-21T00:08:13Z
Peter%20The%20Rat,2021-10-21T00:09:17Z
Martin%20Ralya,2021-10-21T00:11:05Z
adebisi,2021-10-21T00:14:41Z
Bombadillo,2021-10-21T00:15:21Z
qwertymartin,2021-10-21T00:15:53Z
Jim_P,2021-10-21T00:16:28Z
happyjosiah,2021-10-21T00:17:14Z
curtc,2021-10-21T00:17:50Z
jens_hoppe,2021-10-21T00:18:22Z
montsegur,2021-10-21T00:19:06Z
Legomancer,2021-10-21T00:20:30Z
eddy_sterckx,2021-10-21T00:21:14Z
no_where_dense,2021-10-21T00:21:55Z
CDRodeffer,2021-10-21T00:22:41Z
Larry%20Chong,2021-10-21T00:23:18Z
familygaming,2021-10-21T00:24:07Z
hinotori,2021-10-21T00:24:43Z
pezpimp,2021-10-21T00:25:07Z
Orphebus,2021-10-21T00:25:51Z
BradyLS,2021-10-21T00:26:38Z
pickboy87,2021-10-21T00:27:12Z
KubaP,2021-10-21T00:27:52Z
wkusau,2021-10-21T00:28:58Z
shawn_low,2021-10-21T00:30:16Z
Orski,2021-10-21T00:30:55Z
latindog,2021-10-21T00:31:30Z
autothrall,2021-10-21T00:32:32Z
Torquin,2021-10-21T00:33:11Z
Ace_Zpade,2021-10-27T06:12:59Z
sykano,2021-10-28T02:45:56Z
tomq04,2021-11-04T04:53:12Z
mothertruckin,2021-11-04T05:12:59Z
RhodesN7,2021-11-04T05:41:23Z
tgodel,2021-11-04T05:43:41Z
dr%20glaze%20et%20al,2021-11-04T05:48:13Z
StormKnight,2021-11-04T05:48:48Z
H8Man,2021-11-04T05:50:52Z
Cheesechick,2021-11-04T06:05:09Z
gameguru,2021-11-04T06:06:20Z
Verkisto,2021-11-04T06:12:55Z
modboy,2021-10-30T03:15:12Z
theaaron,2021-11-04T06:26:12Z
Lythari311,2021-11-17T04:28:50Z
tomvasel,2023-05-25T05:31:35Z
deniedpluto,2023-05-25T05:43:42Z
